;COGopex_sek;HOBopex_sek;COGco2_t;HOBco2_t;Apt0Bvar_sek;Apt1Bvar_sek
1;5476208.729;2953.927592;4231.461291;515.5262167;493.3539949;478.9993549
