;COGopex_sek;HOBopex_sek;COGco2_t;HOBco2_t;Apt0Bvar_sek;Apt1Bvar_sek
0;5458204.518;22799.35545;4217.548945;3978.995792;474.9201696;460.037279
